4,1276-1003-1-ND
4,160-1415-1-ND
1,B140-FDICT-ND
1,F5749CT-ND
1,2315-FCC20202AATPCT-ND
1,WM17144CT-ND
1,36-575-8-ND
1,36-575-8-ND
8,2N7002NCT-ND
8,4786-BSS84CT-ND
3,RMCF0805FT10K0CT-ND
1,RMCF0805FT10K0CT-ND
16,RMCF0805FT1K00CT-ND
12,RMCF0805FT649RCT-ND
1,RMCF0805FT1K62CT-ND
1,P511KDACT-ND
1,408-2025-1-ND
3,P10KDACT-ND
1,CWI333-ND
1,SW342-ND
5,36-4952-ND
1,2648-SC0915CT-ND
1,296-38905-1-ND
1,296-53511-1-ND
1,754-CC56-12SURKWA-ND
1,LM4030CMF-2.5/NOPBCT-ND
1,150-MCP3561RT-E/STCT-ND
,
